Country,Income group,Region,Lending category,1987,1988,1989,1990,1991,1992,1993,1994,1995,1996,1997,1998,1999,2000,2001,2002,2003,2004,2005,2006,2007,2008,2009,2010,2011,2012,2013,2014,2015,2016,2017,2018,2019,2020
Aruba,High income,Latin America & Caribbean,null,null,10360,11760,12230,13190,13990,14620,15640,16230,16370,17220,17620,17880,20000,19170,17890,20070,22630,19200,23340,21680,25510,23770,22380,22450,23520,24510,25350,26560,26840,27120,null,null,null
Afghanistan,Low income,South Asia,IDA,null,null,null,null,null,null,null,null,null,null,null,null,null,null,null,null,null,null,null,null,null,null,450,510,530,630,660,630,600,550,530,520,530,500
Angola,Lower middle income,Sub-Saharan Africa,IBRD,670,650,860,780,1380,1170,null,330,440,320,450,410,330,360,390,590,710,1010,1370,1810,2460,3030,3170,3230,3410,4170,4780,5010,4520,3770,3450,3210,2970,2230
Albania,Upper middle income,Europe & Central Asia,IBRD,730,730,760,650,410,280,320,380,640,890,800,860,950,1100,1280,1370,1650,2100,2620,3050,3460,4030,4280,4360,4410,4360,4540,4540,4390,4320,4290,4860,5220,5210
Andorra,High income,Europe & Central Asia,null,null,null,null,null,null,null,null,null,null,null,null,null,null,null,null,null,null,null,null,null,null,null,null,null,null,null,null,null,null,null,null,null,null,null
United Arab Emirates,High income,Middle East & North Africa,null,null,null,null,null,null,null,null,null,null,null,null,null,null,31400,31970,30940,32780,36160,37500,39380,39590,39910,35000,33400,35030,39220,42840,44330,42860,40570,39290,41470,43470,null
Argentina,Upper middle income,Latin America & Caribbean,IBRD,3590,3960,2930,3190,3860,6070,7120,7620,7360,7740,8150,8030,7580,7470,7000,4040,3650,3370,4260,5480,6510,7670,7790,9270,10710,11870,12840,12330,12570,12220,13140,12370,11130,8930
Armenia,Upper middle income,Europe & Central Asia,IBRD,null,null,null,null,null,310,360,400,470,520,560,590,610,660,710,800,960,1180,1540,2020,2760,3600,3340,3470,3530,3880,4110,4140,4010,3760,3950,4250,4680,4220
American Samoa,Upper middle income,East Asia & Pacific,null,null,null,null,null,null,null,null,null,null,null,null,null,null,null,null,null,null,null,null,null,null,null,null,null,null,null,null,null,null,null,null,null,null,null
Antigua and Barbuda,High income,Latin America & Caribbean,IBRD,4880,6040,6450,6820,7230,7470,7960,8450,8140,8700,9080,9270,9610,10100,9850,9660,10530,11450,12420,13810,15090,15250,13600,12690,12370,12780,12620,12760,12850,13580,14320,15880,16160,14250
Australia,High income,East Asia & Pacific,null,12530,14100,15560,17300,18190,18500,18860,18830,19250,20440,21900,21740,21430,21120,20110,19990,21120,25480,30310,34090,37300,42330,44050,46630,50320,60210,66020,65150,60500,54140,51560,53190,55100,53730
Austria,High income,Europe & Central Asia,null,1000,1310,1400,1500,1580,1780,1810,1900,2050,2190,2150,2030,2860,5380,25320,25030,28100,33850,38770,41500,44540,49210,49150,49750,50700,50100,50720,50390,47480,46240,45090,49090,51440,null
Azerbaijan,Upper middle income,Europe & Central Asia,IBRD,null,null,null,null,null,null,null,80,180,240,410,510,570,610,650,710,810,940,1270,1900,2710,3870,4790,5370,5460,6410,7410,7690,6570,4760,4090,4060,4490,4450
Burundi,Low income,Sub-Saharan Africa,IDA,260,250,230,220,220,210,180,160,150,140,150,150,140,130,130,130,120,120,140,150,170,190,200,220,230,250,260,260,260,270,280,280,280,270
Belgium,High income,Europe & Central Asia,null,320,420,450,480,510,570,580,620,670,710,710,660,960,1940,24460,24060,27100,32910,37780,39940,42740,46570,46980,47080,46490,47130,47900,47820,45570,43400,42510,46110,48010,null
Benin,Lower middle income,Sub-Saharan Africa,IDA,310,360,340,370,380,370,380,330,360,350,380,370,410,480,530,530,600,730,820,860,920,1030,1090,1080,1090,1120,1220,1270,1180,1110,1090,1200,1250,1280
Burkina Faso,Low income,Sub-Saharan Africa,IDA,270,330,330,330,360,370,360,280,250,250,250,250,270,270,280,270,320,390,460,490,510,570,610,650,680,730,770,760,700,680,670,750,780,790
Bangladesh,Lower middle income,South Asia,IDA,280,290,300,320,320,330,320,320,340,370,400,420,420,440,440,440,460,510,550,570,610,660,730,800,890,970,1040,1110,1220,1370,1520,1750,1940,2010
Bulgaria,Upper middle income,Europe & Central Asia,IBRD,2720,3110,2830,2250,1620,1430,1250,1240,1520,1590,1460,1440,1480,1660,1770,1970,2370,3060,3800,4300,4810,6070,6670,6940,7220,7440,7590,7740,7450,7430,7640,8560,9570,9540
Bahrain,High income,Middle East & North Africa,null,7700,7800,7660,9070,9800,9890,10030,9680,10380,10790,10310,10070,9870,10940,11500,12060,12940,14570,16550,17890,19660,20860,18830,18970,18160,22010,23790,24070,22580,21570,21250,21910,22170,null
"Bahamas, The",High income,Latin America & Caribbean,null,10800,11710,12440,11870,11330,11550,11310,11600,14260,15930,15180,16810,24150,26360,26560,27190,27770,29270,30570,30760,31090,30960,29010,28370,28030,29020,28440,28000,28400,29210,30900,31990,33460,27780
Bosnia and Herzegovina,Upper middle income,Europe & Central Asia,IBRD,null,null,null,null,null,null,null,null,null,760,1010,1330,1400,1490,1600,1770,2040,2590,3180,3510,3920,4730,4970,4960,5010,4990,5270,5300,5210,5130,5120,5750,6180,6090
Belarus,Upper middle income,Europe & Central Asia,IBRD,null,null,null,null,null,6230,null,5190,2180,1510,1520,1550,1410,1380,1300,1380,1630,2170,2810,3520,4310,5500,5700,6150,6260,6610,7010,7590,6710,5620,5300,5700,6370,6330
Belize,Lower middle income,Latin America & Caribbean,IBRD,1610,1870,2080,2260,2420,2680,2790,2780,2860,2880,2890,2780,2880,3150,3130,3200,3420,3560,3620,3740,3670,3880,4050,3880,4050,4100,4180,4260,4400,4340,4420,4550,4700,3970
Bermuda,High income,North America,null,null,null,null,null,null,null,null,null,null,null,null,null,null,null,null,null,null,null,null,null,null,null,null,103480,101610,100100,101760,99920,101120,103620,112940,117000,117740,null
Bolivia,Lower middle income,Latin America & Caribbean,IBRD,720,710,720,720,740,770,790,810,850,900,950,990,980,980,950,920,910,950,1020,1110,1220,1480,1620,1780,2000,2250,2590,2830,2960,3040,3090,3370,3520,3200
Brazil,Upper middle income,Latin America & Caribbean,IBRD,2030,2260,2760,2730,3280,3170,3090,3030,3760,4460,5020,4840,4120,3930,3350,3090,2980,3340,4000,4850,6190,7620,8320,9650,11080,12310,12790,12120,10190,8920,8700,9170,9270,7850
Barbados,High income,Latin America & Caribbean,null,6690,7430,7860,7600,7570,7460,7690,8010,8340,8700,9050,9420,9820,10780,10630,10650,11300,12290,13240,14220,15530,16180,15730,15540,15050,15720,15660,15630,15740,15920,16070,16700,17380,14460
Brunei Darussalam,High income,East Asia & Pacific,null,null,null,12090,12460,13580,15160,15030,15090,15680,16210,16220,14420,14040,14680,16070,17140,17800,19990,23090,27580,30930,34150,32460,33300,35520,42370,45320,43090,38850,33170,29800,29390,32230,null
Bhutan,Lower middle income,South Asia,IDA,470,520,550,560,480,450,420,450,460,510,550,530,560,700,750,810,910,1030,1200,1330,1640,1770,1860,2040,2240,2390,2410,2460,2520,2650,2800,2970,3140,2860
Botswana,Upper middle income,Sub-Saharan Africa,IBRD,1340,1980,2320,2720,3070,3270,3330,2960,3260,3180,3330,3210,3150,3170,3260,2930,3370,3920,4930,5440,5730,5740,5330,5610,6610,7250,7570,7520,6840,6560,6690,7340,7660,6640
Central African Republic,Low income,Sub-Saharan Africa,IDA,420,490,490,480,480,470,450,370,350,300,300,280,280,260,260,250,260,300,340,350,380,420,480,510,530,570,380,390,400,410,440,490,520,510
Canada,High income,North America,null,null,null,null,null,null,null,null,null,null,null,null,null,21210,22620,23030,23610,25860,29890,34810,38520,43090,45650,43250,44510,47210,51080,52800,52200,47590,43890,42900,44950,46460,43440
Switzerland,High income,Europe & Central Asia,null,null,null,null,null,null,null,null,null,46740,49730,49340,46200,44280,44680,42110,40760,46780,55200,63080,65590,64480,65260,72470,79850,82280,87770,91700,89400,88750,85190,81520,85030,87950,null
Channel Islands,High income,Europe & Central Asia,null,null,null,null,null,null,null,null,null,null,null,null,null,null,42510,41460,40720,43340,50340,56280,60750,66220,null,null,null,null,null,null,null,null,null,null,null,null,null
Chile,High income,Latin America & Caribbean,IBRD,1660,1930,2200,2350,2600,3120,3440,3730,4420,5070,5590,5490,5120,5060,4800,4540,4510,5190,6210,7340,8690,10050,9950,10750,12340,14350,15160,14940,14130,13370,13270,14550,14990,13470
China,Upper middle income,East Asia & Pacific,IBRD,320,330,320,330,350,390,420,470,540,650,750,800,860,940,1010,1110,1280,1510,1760,2060,2510,3100,3680,4340,5050,5930,6770,7510,7940,8270,8740,9600,10390,10610
Cote d'Ivoire,Lower middle income,Sub-Saharan Africa,IDA,810,910,830,780,760,780,750,680,700,720,760,760,730,650,590,570,620,770,930,930,970,1070,1160,1190,1130,1230,1330,1450,1660,1840,2030,2180,2290,2280
Cameroon,Lower middle income,Sub-Saharan Africa,Blend,1110,1180,1080,970,900,930,920,800,770,690,710,690,680,660,630,630,730,910,1010,1060,1110,1240,1320,1330,1350,1370,1430,1490,1440,1380,1340,1450,1500,1500
"Congo, Dem. Rep.",Low income,Sub-Saharan Africa,IDA,null,null,null,null,null,null,null,160,150,130,120,120,110,130,140,190,170,190,200,230,260,290,300,320,340,380,410,440,460,470,460,500,530,550
"Congo, Rep.",Lower middle income,Sub-Saharan Africa,Blend,1050,930,940,930,960,1060,910,760,480,470,590,580,490,570,630,670,700,770,1120,1600,1700,2140,2480,2750,2710,3500,3740,3990,3090,2210,1700,1790,1810,1830
Colombia,Upper middle income,Latin America & Caribbean,IBRD,1240,1300,1250,1330,1380,1560,1740,2050,2350,2540,2660,2570,2330,2340,2330,2370,2370,2620,3000,3500,4130,4710,5130,5620,6310,7290,7950,8200,7330,6460,5930,6260,6580,5780
Comoros,Lower middle income,Sub-Saharan Africa,IDA,780,960,930,980,950,1100,1080,870,850,780,790,730,700,730,700,680,790,950,1090,1130,1170,1290,1370,1380,1410,1420,1490,1490,1380,1320,1280,1380,1400,1450
Cabo Verde,Lower middle income,Sub-Saharan Africa,Blend,650,840,900,900,910,1040,1190,1300,1410,1350,1350,1330,1370,1410,1350,1300,1520,1900,2160,2300,2820,3300,3480,3400,3510,3440,3490,3360,3210,3130,3080,3400,3630,3060
Costa Rica,Upper middle income,Latin America & Caribbean,IBRD,1600,1650,1660,1750,1950,2350,2740,2980,3180,3240,3350,3400,3460,3570,3670,3770,4030,4380,4640,5060,5680,6410,6540,7260,8090,9280,9930,10350,10700,11100,11500,11930,12070,11460
Cuba,Upper middle income,Latin America & Caribbean,null,2490,2780,2750,2650,2340,2130,1870,2140,2550,2710,2500,2240,2400,2620,2760,2820,3100,3490,3960,4530,5000,5460,5520,5610,5930,6280,6640,6840,7230,7480,null,null,null,null
Curacao,High income,Latin America & Caribbean,null,null,null,null,null,null,null,null,null,null,null,null,null,null,null,null,null,null,null,null,null,null,null,null,null,null,null,19930,19820,19620,19100,19100,20100,20370,null
Cayman Islands,High income,Latin America & Caribbean,null,null,null,null,null,null,null,null,null,null,null,null,null,null,null,null,null,null,null,null,null,null,null,null,70220,71050,49570,44030,42930,44380,45880,52840,59380,68200,null
Cyprus,High income,Europe & Central Asia,null,6300,7910,8570,9300,9460,11020,10970,11680,12810,13880,14280,15490,14340,14180,14170,14510,16710,20260,23990,25600,27340,31970,32780,32040,32550,29680,27830,26530,25980,24710,24710,26990,27930,26110
Czech Republic,High income,Europe & Central Asia,null,null,null,null,null,null,null,null,null,5150,5980,6160,6110,6110,6340,6350,6650,8110,10260,12480,14000,15850,18510,18840,19400,19460,19440,19410,18900,18370,17670,18310,20520,21930,null
Germany,High income,Europe & Central Asia,null,7280,9520,10100,10890,11700,13200,13290,14070,15090,15780,15410,14290,16430,20190,24770,23680,26140,31670,35770,38270,40470,43650,43660,44680,47320,46560,47220,47640,45780,44280,43700,47190,48600,46990
Djibouti,Lower middle income,Middle East & North Africa,IDA,null,null,null,null,null,null,null,null,null,null,null,null,null,null,null,null,null,null,null,null,null,null,null,null,null,null,null,null,2730,2870,2990,3260,3310,3320
Dominica,Upper middle income,Latin America & Caribbean,Blend,2170,2560,2600,2810,2960,3200,3410,3490,3720,3890,4010,4200,4200,4220,4470,4270,4680,4950,5050,5490,5760,6340,6520,6730,6920,6730,6780,7020,6910,7270,7250,7680,7870,6870
Denmark,High income,Europe & Central Asia,null,17760,22130,23050,24370,25540,28700,28570,30360,32560,34770,35150,33460,33060,32580,31410,30850,34750,42640,49610,53540,55740,60390,60090,61220,61990,61650,63200,63670,60510,58040,56690,61340,64000,62720
Dominican Republic,Upper middle income,Latin America & Caribbean,IBRD,940,920,910,870,1040,1360,1620,1750,1960,2170,2360,2450,2540,2680,2740,2890,2640,2560,3040,3640,4430,4760,4920,5330,5540,5790,6030,6330,6580,6860,7090,7780,8100,7260
Algeria,Lower middle income,Middle East & North Africa,IBRD,2810,2750,2550,2370,1980,1900,1730,1620,1550,1520,1510,1540,1530,1590,1670,1730,1920,2250,2710,3100,3600,4220,4290,4480,4600,5170,5510,5490,4850,4370,3940,3980,4010,3550
Ecuador,Upper middle income,Latin America & Caribbean,IBRD,1640,1510,1360,1370,1480,1600,1670,1820,1970,2080,2180,2160,1780,1550,1550,1730,2110,2550,2880,3100,3310,3860,4060,4390,4870,5390,5810,6110,5970,5810,5860,6090,6100,5530
"Egypt, Arab Rep.",Lower middle income,Middle East & North Africa,IBRD,870,840,780,760,750,750,760,820,920,1020,1130,1210,1310,1420,1430,1330,1240,1200,1220,1320,1530,1840,2120,2370,2560,2840,3030,3230,3340,3440,3030,2790,2690,3000
Eritrea,Low income,Sub-Saharan Africa,IDA,null,null,null,null,null,null,null,270,270,300,320,330,310,300,310,300,300,340,390,410,420,410,480,510,600,null,null,null,null,null,null,null,null,null
Spain,High income,Europe & Central Asia,null,40,60,60,70,80,90,90,90,90,90,100,90,140,290,15540,15630,18080,22130,25910,27850,29770,32250,32560,31970,31020,29540,29230,29140,28450,27550,27100,29360,30360,null
Estonia,High income,Europe & Central Asia,null,null,null,null,null,null,null,null,null,null,null,null,null,null,null,null,null,null,null,null,null,null,null,null,null,null,2780,18260,19000,18700,18430,18850,21340,23250,null
Ethiopia,Low income,Sub-Saharan Africa,IDA,280,270,260,260,250,220,210,160,150,150,140,130,120,130,130,120,110,140,160,180,220,280,340,380,390,410,470,550,600,670,740,800,850,890
Finland,High income,Europe & Central Asia,null,2770,3620,4050,4370,4220,4070,3480,3390,3700,4200,4490,4340,6070,10380,25850,25620,28800,35380,40230,42840,46190,50160,48950,49750,50260,48970,49510,49420,47180,45530,44840,48290,50010,49620
Fiji,Upper middle income,East Asia & Pacific,Blend,1770,1790,1790,1790,1790,1990,2090,2230,2460,2660,2580,2290,2350,2230,2140,2160,2410,3020,3570,3590,3790,3980,3850,3650,3770,4140,4710,5020,5100,5280,5370,5910,5800,4720
France,High income,Europe & Central Asia,null,2200,2820,2970,3150,3260,3630,3600,3720,3920,4130,4110,3940,5420,9130,23870,23150,26000,31460,35920,37890,40160,43540,44070,43970,44440,43410,43800,43340,41130,39100,38320,41130,42330,null
Faeroe Islands,High income,Europe & Central Asia,null,null,null,null,null,null,null,null,null,null,null,null,null,null,null,null,null,null,null,null,null,null,null,null,null,null,null,null,null,null,null,null,null,null,null
"Micronesia, Fed. Sts.",Lower middle income,East Asia & Pacific,IDA,null,null,null,null,null,null,2120,2130,2200,2140,1930,1950,2050,2210,2260,2270,2380,2440,2560,2560,2570,2590,2820,2900,3070,3150,3180,3150,3490,3410,3450,3400,4010,null
Gabon,Upper middle income,Sub-Saharan Africa,IBRD,3430,4150,4580,4820,5170,5120,4430,4130,3910,4100,4270,3940,3280,3100,3430,3610,3880,4310,5520,5740,6590,7320,7590,7850,8120,9090,9330,9330,7970,7080,6510,6830,7170,6970
United Kingdom,High income,Europe & Central Asia,null,12680,16130,17350,18530,19350,21440,21320,21850,21080,22790,25480,26920,28130,29230,28970,29180,32250,37770,42740,45060,47500,48480,44230,41740,41060,41690,42730,44400,44340,42940,41280,41740,42130,null
Georgia,Upper middle income,Europe & Central Asia,IBRD,null,null,null,null,null,2260,1610,760,550,670,820,870,840,790,780,840,990,1210,1520,1910,2380,2820,2950,3210,3520,4150,4530,4740,4410,4080,4040,4460,4690,4290
Ghana,Lower middle income,Sub-Saharan Africa,IDA,420,440,400,400,410,430,420,370,370,380,390,390,390,340,300,270,320,380,460,600,790,1150,1190,1240,1380,1530,1840,1960,1950,1790,1870,2120,2210,2230
Gibraltar,High income,Europe & Central Asia,null,null,null,null,null,null,null,null,null,null,null,null,null,null,null,null,null,null,null,null,null,null,null,null,null,null,null,null,null,null,null,null,null,null,null
Guinea,Low income,Sub-Saharan Africa,IDA,null,400,390,410,420,460,490,500,500,510,510,470,450,400,360,350,340,370,360,400,470,620,670,690,680,700,700,740,760,780,820,860,950,1020
"Gambia, The",Low income,Sub-Saharan Africa,IDA,320,300,300,310,400,520,710,690,690,700,690,660,640,620,560,440,390,470,520,640,700,810,880,890,760,760,730,650,620,620,660,720,750,750
Guinea-Bissau,Low income,Sub-Saharan Africa,IDA,170,180,210,220,240,240,230,220,220,240,240,160,160,210,250,300,330,380,430,440,470,510,560,580,640,630,640,640,640,650,680,720,800,760
Equatorial Guinea,Upper middle income,Sub-Saharan Africa,IBRD,210,250,230,260,270,380,370,270,250,360,870,700,820,770,900,1270,1190,1720,3890,8110,11600,14250,12530,9970,11540,13870,14030,13230,10850,8270,6510,6730,6280,5810
Greece,High income,Europe & Central Asia,null,null,null,null,null,null,null,null,null,null,null,null,null,null,null,null,null,null,null,null,24570,26370,28710,29420,27610,24560,23180,22380,22010,20150,18610,17970,19070,19710,null
Grenada,Upper middle income,Latin America & Caribbean,Blend,2200,2490,2670,2840,3040,3140,3120,3210,3310,3500,3660,3990,4310,4610,4510,4650,5290,5350,6650,6430,6830,7260,6720,6940,7060,7030,7350,7520,7750,8350,8740,9560,9830,8740
Greenland,High income,Europe & Central Asia,null,11470,15170,16970,15690,16510,17440,16600,17830,19470,20780,20540,20440,19740,20290,19390,18760,20440,25730,30920,30240,34800,null,null,null,null,null,null,null,null,null,null,null,null,null
Guatemala,Upper middle income,Latin America & Caribbean,IBRD,1020,980,980,930,970,1030,1140,1230,1360,1440,1530,1610,1650,1670,1600,1600,1670,1850,2000,2150,2370,2610,2650,2730,2910,3160,3380,3550,3700,3870,4100,4400,4610,4490
Guam,High income,East Asia & Pacific,null,null,null,null,null,null,null,null,null,null,null,null,null,null,null,null,null,null,null,null,null,null,null,null,null,null,null,null,null,null,null,null,null,null,null
Guyana,Upper middle income,Latin America & Caribbean,IDA,460,470,360,400,330,390,460,570,670,830,890,880,860,890,880,890,940,1030,1090,1470,2280,3850,4190,4510,4820,5290,5540,5570,5470,5600,5910,6290,6630,6600
"Hong Kong SAR, China",High income,East Asia & Pacific,null,9080,10770,11550,12660,14320,16560,19560,21820,23570,24140,26080,25110,25800,26930,26350,25270,26340,28120,28890,30290,32070,33950,32350,33620,35690,36340,38570,40240,41180,42970,46390,50060,50480,48630
Honduras,Lower middle income,Latin America & Caribbean,IDA,1410,1410,1270,1110,940,930,950,880,900,870,910,910,930,1020,1050,1070,1130,1210,1290,1360,1490,1630,1670,1740,1880,1970,2010,2010,2060,2120,2250,2330,2390,2200
Croatia,High income,Europe & Central Asia,IBRD,null,null,null,null,null,null,null,null,null,null,5520,5430,5180,5210,5290,5600,6670,8520,10150,11310,12670,14250,14110,14090,14040,13440,13580,13260,12970,12380,12680,14080,14990,14190
Haiti,Lower middle income,Latin America & Caribbean,IDA,340,380,370,420,450,390,310,260,310,360,390,400,450,550,640,730,670,660,700,780,890,990,1140,1120,1230,1300,1370,1410,1390,1330,1310,1360,1330,1250
Hungary,High income,Europe & Central Asia,null,null,null,null,null,null,null,3660,4030,4250,4370,4400,4410,4490,4620,4790,5290,6630,8640,10360,11230,11750,13230,13380,13260,13250,13060,13500,13560,13250,13100,13190,15010,16530,null
Indonesia,Lower middle income,East Asia & Pacific,IBRD,510,510,530,560,610,660,740,850,990,1090,1100,660,570,580,720,790,900,1080,1220,1380,1600,1940,2150,2530,3010,3580,3730,3620,3430,3400,3530,3840,4050,3870
Isle of Man,High income,Europe & Central Asia,null,null,null,null,null,null,null,null,null,null,null,17050,18800,21310,21880,22480,23780,27790,34170,39600,44420,47220,42870,45990,71570,74390,82210,87840,89000,83990,78860,77890,83160,null,null
India,Lower middle income,South Asia,IBRD,350,390,390,380,350,340,320,340,370,400,410,410,440,440,450,460,520,610,710,790,910,1000,1120,1220,1360,1480,1520,1560,1600,1680,1820,2010,2120,1900
Ireland,High income,Europe & Central Asia,null,10430,13230,14090,15950,16670,18340,18540,19660,21480,23970,26230,27210,26430,25890,24060,24900,29970,37820,44620,47940,50540,51000,46890,44950,42040,40630,43450,46380,50430,51900,53810,60520,63530,null
"Iran, Islamic Rep.",Lower middle income,Middle East & North Africa,IBRD,3470,2970,2530,2540,null,null,null,null,1290,1600,1790,1780,1740,1760,1790,1880,2200,2520,2960,3480,4270,4970,5560,6250,6870,7130,6990,6500,5370,5500,5420,4530,3640,2870
Iraq,Upper middle income,Middle East & North Africa,IBRD,3540,3730,3730,7070,70,50,40,60,130,390,750,920,1290,1600,1730,1420,850,1370,1430,1820,2400,3550,4160,4580,4960,6310,7050,6750,5800,5340,4670,4840,5490,4660
Iceland,High income,Europe & Central Asia,null,null,null,null,null,null,null,null,null,null,null,28480,29270,30400,31540,30700,30930,33710,42020,50520,53450,61880,50060,41860,36270,37610,40690,46960,48090,49940,54910,60230,67760,72930,null
Israel,High income,Middle East & North Africa,null,null,null,null,null,null,null,null,null,null,null,18930,18780,18450,19200,19270,18600,18700,19960,21440,22330,23960,26140,27280,29660,31450,32220,34320,36020,36060,36340,37580,40840,43070,null
Italy,High income,Europe & Central Asia,null,10,10,10,10,10,10,10,10,10,10,10,10,20,40,21190,20770,23410,28360,32480,34280,35930,37980,37990,37960,37980,36220,35570,34910,33000,31970,31370,33850,34860,32200
Jamaica,Upper middle income,Latin America & Caribbean,IBRD,1170,1480,1690,1770,1740,1610,1840,1880,2290,2520,2760,2890,3120,3240,3240,3250,3440,3650,3800,4090,4320,4570,4330,4390,4590,4980,5010,4910,4700,4600,4750,5010,5260,4620
Jordan,Upper middle income,Middle East & North Africa,IBRD,2100,2160,1560,1270,1090,1240,1280,1340,1420,1430,1450,1480,1530,1670,1740,1780,1900,2160,2340,2510,2730,3110,3380,3520,3620,3720,3830,3920,3950,4000,4080,4270,4410,4310
Japan,High income,East Asia & Pacific,null,18180,24920,27010,27820,28580,30540,33350,36920,42090,43150,40040,34450,33780,36230,36770,34790,35070,38350,40560,39930,38740,38850,38800,43440,46880,49480,48280,43950,38840,37860,38490,41150,41580,null
Kazakhstan,Upper middle income,Europe & Central Asia,IBRD,null,null,null,null,null,null,1430,1310,1280,1340,1390,1390,1290,1270,1360,1530,1810,2300,2930,3860,4980,6110,6790,7440,8280,9940,11840,12080,11380,8770,8040,8070,8820,8680
Kenya,Lower middle income,Sub-Saharan Africa,Blend,370,410,400,370,350,330,270,260,270,340,390,430,430,410,400,380,400,450,510,580,700,820,900,960,990,1050,1130,1240,1290,1350,1420,1600,1750,1760
Kyrgyz Republic,Lower middle income,Europe & Central Asia,IDA,null,null,null,null,null,520,450,370,360,390,390,360,300,280,280,290,340,400,450,500,610,760,860,850,880,1040,1190,1250,1180,1110,1110,1220,1240,1160
Cambodia,Lower middle income,East Asia & Pacific,IDA,null,null,null,null,null,null,null,null,250,320,320,290,300,300,310,320,350,400,460,520,590,670,700,750,810,880,970,1020,1060,1140,1230,1380,1530,1490
Kiribati,Lower middle income,East Asia & Pacific,IDA,550,640,670,720,960,1030,1020,1050,1150,1090,1340,1470,1300,1330,1340,1250,1310,1480,1700,1710,1820,1930,1900,2050,2090,2620,2980,3220,3470,2920,3020,3080,3340,3010
St. Kitts and Nevis,High income,Latin America & Caribbean,IBRD,3690,4390,4660,5220,5260,5710,6190,6710,7310,7690,8080,7830,8280,9120,9440,9370,9270,10390,11640,12440,13050,14850,14620,14690,15450,15470,16610,16490,16410,17080,17240,18520,19130,17400
"Korea, Rep.",High income,East Asia & Pacific,null,3530,4520,5380,6450,7570,8310,9010,10090,11820,13320,13550,10330,10430,11030,11950,12850,13790,16200,18520,20800,23440,23860,22040,22290,23590,25660,26980,28160,28720,29330,30300,32730,33790,32860
Kuwait,High income,Middle East & North Africa,null,null,null,null,null,null,null,null,null,20520,20870,21480,19680,16870,17980,18660,18930,22600,28510,35220,42300,47580,51710,45000,42490,43790,49690,53060,51000,41820,35330,31400,33430,36290,null
Lao PDR,Lower middle income,East Asia & Pacific,IDA,430,250,210,190,210,250,280,310,350,380,370,310,290,280,310,320,340,390,460,510,620,750,890,1000,1140,1370,1610,1820,1970,2120,2240,2450,2490,2480
Lebanon,Upper middle income,Middle East & North Africa,IBRD,null,null,null,1310,1700,1920,2220,2610,3160,3720,4000,4250,4490,4600,4460,4200,3790,4730,4890,4860,5410,6060,6870,7470,7560,7560,7640,7550,7280,7220,7470,7710,7420,5510
Liberia,Low income,Sub-Saharan Africa,IDA,null,null,null,null,null,null,null,null,null,null,null,null,null,null,null,250,180,210,250,290,330,390,430,460,520,560,630,630,630,620,620,610,580,530
Libya,Upper middle income,Middle East & North Africa,IBRD,null,null,null,null,null,null,null,null,null,null,null,null,null,null,null,5170,5160,5140,6860,8600,10400,12200,12090,12380,4690,11550,10750,7610,5690,4550,5410,6800,7640,4850
St. Lucia,Upper middle income,Latin America & Caribbean,Blend,2830,3330,3570,3730,3850,4400,4420,4510,4650,4850,4760,4930,5150,5250,4990,5010,5370,6000,6230,7260,7500,8090,8020,8170,8820,8850,8790,8840,8740,9450,10080,10700,11080,8790
Liechtenstein,High income,Europe & Central Asia,null,31170,41490,43620,45470,47570,54350,56680,62010,70050,78570,80150,77660,78660,78870,68260,65050,68450,78700,92710,104050,112190,121900,116440,null,null,null,null,null,null,null,null,null,null,null
Sri Lanka,Lower middle income,South Asia,IBRD,430,460,440,460,490,550,600,640,690,740,800,820,840,870,830,840,940,1060,1210,1360,1550,1790,2010,2410,2850,3360,3490,3640,3760,3810,3870,4040,4010,3720
Lesotho,Lower middle income,Sub-Saharan Africa,IDA,420,500,520,550,580,650,660,680,690,700,690,620,610,580,640,590,670,810,1020,1130,1300,1290,1190,1270,1360,1500,1460,1350,1310,1270,1190,1230,1290,1100
Lithuania,High income,Europe & Central Asia,null,null,null,null,null,null,null,null,null,null,null,710,830,860,930,1000,1110,1360,1740,2200,2550,3070,3670,3610,3640,3860,4090,4440,4660,5960,8550,15280,17460,19020,null
Luxembourg,High income,Europe & Central Asia,null,500,640,710,780,880,970,1000,1030,1140,1200,1260,1170,1690,3370,45690,42740,46110,62990,73920,71650,86280,88170,71440,78460,76420,75500,75540,76500,72520,68720,66460,70930,null,null
Latvia,High income,Europe & Central Asia,null,null,null,null,null,null,null,null,null,null,null,3780,4080,4250,4720,5120,5590,6640,8290,10490,12680,15950,19190,20040,17950,18800,19820,21360,19190,16690,14790,14850,16540,17740,null
"Macao SAR, China",High income,East Asia & Pacific,null,6510,7490,8080,8980,9990,12570,14310,16030,17430,17490,17330,15700,14640,14720,15760,16290,17840,22220,23950,26190,34150,33780,36100,45260,54490,60790,69510,72140,62090,63730,69980,76510,75610,null
St. Martin (French part),High income,Latin America & Caribbean,null,null,null,null,null,null,null,null,null,null,null,null,null,null,null,null,null,null,null,null,null,null,null,null,null,null,null,null,null,null,null,null,null,null,null
Morocco,Lower middle income,Middle East & North Africa,IBRD,860,1080,1110,1160,1240,1270,1230,1350,1300,1510,1460,1460,1410,1390,1400,1370,1540,1830,2070,2240,2380,2700,2880,2930,3000,2980,3090,3060,3020,2880,2880,3090,3200,2980
Monaco,High income,Europe & Central Asia,null,null,null,null,null,null,null,null,null,null,null,null,null,null,null,null,null,null,null,null,null,null,null,null,null,null,null,null,null,null,null,null,null,null,null
Moldova,Upper middle income,Europe & Central Asia,IBRD,null,null,null,null,null,null,null,null,null,null,630,580,510,490,500,590,710,910,1120,1280,1440,1870,1950,2380,2730,3140,3620,3740,3300,3180,3330,3920,4580,4570
Madagascar,Low income,Sub-Saharan Africa,IDA,370,340,300,310,280,290,290,290,280,300,300,300,280,290,300,280,340,340,340,330,380,450,470,470,480,500,520,520,490,470,470,500,510,480
Maldives,Upper middle income,South Asia,IDA,null,null,null,null,null,null,null,null,null,null,1760,1860,1980,2070,2240,2620,3400,3770,3460,4540,4480,5420,5460,5960,6600,6630,6800,7320,7650,8070,8600,9210,9670,6830
Mexico,Upper middle income,Latin America & Caribbean,IBRD,2040,2090,2370,2790,3250,3770,4490,5310,4790,4620,4660,5000,5510,6210,6740,7100,7360,7820,8050,8690,9250,9780,8820,9040,9310,10050,10270,10500,10160,9390,8920,9180,9480,8480
Marshall Islands,Upper middle income,East Asia & Pacific,IDA,null,null,null,null,null,null,null,null,3070,2690,2590,2690,2830,2960,3110,3100,3130,3280,3440,3310,3450,3280,3470,3550,3570,3480,3880,4030,4250,4200,4390,4780,5010,null
North Macedonia,Upper middle income,Europe & Central Asia,IBRD,null,null,null,null,null,1750,1460,1400,1790,2190,2210,2010,1910,1910,1820,1820,2080,2560,2990,3310,3580,4330,4610,4710,4810,4740,5000,5200,5110,4980,4920,5490,5840,5720
Mali,Low income,Sub-Saharan Africa,IDA,240,290,290,290,320,330,320,280,270,270,280,280,290,280,300,290,350,400,460,500,530,610,660,700,730,730,780,810,800,780,770,830,870,830
Malta,High income,Middle East & North Africa,null,4930,6260,6910,7600,7940,8720,8570,8600,9250,10010,10530,10260,10710,11400,10950,10710,12170,14100,15660,16350,17580,20410,20310,21370,22120,22160,23370,24560,25230,23590,24140,27090,28340,25370
Myanmar,Lower middle income,East Asia & Pacific,IDA,null,null,null,null,null,null,null,null,null,null,null,null,null,null,120,120,150,210,230,270,360,510,730,900,1040,1070,1120,1130,1160,1150,1200,1280,1360,1260
Montenegro,Upper middle income,Europe & Central Asia,IBRD,null,null,null,null,null,null,null,null,null,null,null,null,null,null,null,1970,2440,3100,3660,4320,5120,6470,6740,6920,7260,7000,7330,7320,7260,7090,7410,8450,9070,7900
Mongolia,Lower middle income,East Asia & Pacific,IBRD,1520,1690,1590,1430,1200,810,510,430,460,550,580,520,480,470,480,530,610,760,900,1120,1410,1800,1790,2000,2590,3650,4330,4210,3820,3500,3230,3630,3790,3670
Northern Mariana Islands,High income,East Asia & Pacific,null,null,null,null,null,null,null,null,null,null,null,null,null,null,null,null,null,null,null,null,null,null,null,null,null,null,null,null,null,null,null,null,null,null,null
Mozambique,Low income,Sub-Saharan Africa,IDA,null,null,null,null,null,null,210,190,190,210,250,290,330,320,320,290,320,360,400,420,460,500,540,520,540,600,670,690,640,530,470,460,490,460
Mauritania,Lower middle income,Sub-Saharan Africa,IDA,670,740,760,730,810,920,970,870,900,970,870,830,820,730,650,650,710,800,940,1140,1220,1380,1450,1500,1600,1760,1850,1750,1640,1510,1500,1580,1660,1640
Mauritius,Upper middle income,Sub-Saharan Africa,IBRD,1620,2060,2220,2430,2620,2990,3120,3230,3470,3780,3900,3780,3660,3900,3970,3960,4410,5170,5600,5930,6490,7400,7800,8080,8400,9550,10520,10820,10700,10640,10980,12270,12900,10230
Malawi,Low income,Sub-Saharan Africa,IDA,150,160,160,180,210,200,220,160,160,170,200,200,180,160,140,170,220,300,300,310,330,370,410,450,490,460,410,370,350,340,370,430,550,580
Malaysia,Upper middle income,East Asia & Pacific,IBRD,1960,2140,2260,2400,2560,2880,3230,3600,4050,4500,4620,3640,3380,3460,3550,3790,4160,4740,5270,5840,6630,7510,7600,8260,9050,10180,10840,11140,10680,10150,9950,10650,11230,10580
Namibia,Upper middle income,Sub-Saharan Africa,IBRD,1600,1690,1850,1990,2150,2300,2200,2270,2460,2510,2500,2370,2240,2240,2090,2010,2280,2900,3530,4030,4230,4320,4250,4500,5130,5730,5950,5790,5310,4740,4620,4950,5180,4520
New Caledonia,High income,East Asia & Pacific,null,8070,13270,14530,14760,15200,16070,16340,16780,18220,18240,17810,15730,14810,14020,null,null,null,null,null,null,null,null,null,null,null,null,null,null,null,null,null,null,null,null
Niger,Low income,Sub-Saharan Africa,IDA,270,330,320,340,360,420,390,300,260,240,240,250,240,220,220,220,250,280,330,360,380,440,480,520,520,550,570,590,560,530,520,570,600,540
Nigeria,Lower middle income,Sub-Saharan Africa,Blend,710,680,550,560,510,510,360,310,310,390,440,440,460,470,530,630,710,870,1030,1350,1610,1960,2040,2140,2180,2440,2690,2940,2820,2430,2090,1960,2030,2000
Nicaragua,Lower middle income,Latin America & Caribbean,IDA,860,680,360,310,220,240,290,450,610,880,880,880,930,960,970,960,1000,1080,1160,1200,1290,1390,1380,1460,1570,1670,1740,1830,1890,1960,2030,1970,1900,1850
Netherlands,High income,Europe & Central Asia,null,null,null,null,null,null,null,null,null,null,null,null,null,null,null,27420,27090,31030,37390,42110,45950,49150,52770,53830,54060,54590,52970,52980,52000,49850,46930,47160,51310,53060,null
Norway,High income,Europe & Central Asia,null,20830,23970,25080,26500,27820,30780,30210,30850,32690,35790,37910,36100,35540,36540,38220,39890,44750,54140,63830,70020,78470,87470,87830,88490,90330,99110,104190,104370,92910,81370,75650,80320,81620,78250
Nepal,Lower middle income,South Asia,IDA,180,200,210,210,210,200,190,200,200,210,220,210,220,230,240,240,260,280,310,340,370,430,480,540,630,770,860,880,890,880,990,1120,1230,1190
Nauru,High income,East Asia & Pacific,IBRD,null,null,null,null,null,null,null,null,null,null,null,null,null,null,null,null,null,null,null,null,null,null,null,null,null,8870,13000,14920,13690,12730,12370,14320,16630,null
New Zealand,High income,East Asia & Pacific,null,10010,12550,13570,13640,12160,12050,12360,13400,15280,16730,17160,15780,15040,14080,13810,14170,16960,21500,25290,26340,28360,28010,29730,29570,33540,37210,40270,41380,39850,38910,38780,41790,42450,null
Oman,High income,Middle East & North Africa,null,5390,5210,5660,5710,6040,6510,6280,6160,6270,6470,6810,6530,6370,7070,7830,8000,8290,9410,10690,12660,14560,17430,17740,17600,17010,19360,20310,19010,17450,15750,13970,14110,14150,null
Pakistan,Lower middle income,South Asia,Blend,370,400,400,400,400,430,440,440,470,480,470,450,440,480,510,530,570,660,740,800,860,920,950,970,1030,1120,1210,1230,1260,1310,1400,1480,1410,1280
Panama,Upper middle income,Latin America & Caribbean,IBRD,3280,2740,2570,2660,2730,3020,3260,3440,3470,3560,3600,3690,3760,3910,3840,3970,4110,4510,4790,5100,5770,6540,6900,7260,8550,9540,10630,11190,12200,12780,13750,14480,14900,11880
Peru,Upper middle income,Latin America & Caribbean,IBRD,950,790,790,840,1220,1420,1550,1760,1950,2150,2280,2150,2030,1970,1900,1960,2080,2280,2540,2810,3210,3790,3970,4410,4970,5790,6420,6530,6340,6110,6060,6470,6790,6010
Philippines,Lower middle income,East Asia & Pacific,IBRD,600,660,700,720,730,770,820,920,1020,1160,1230,1200,1180,1150,1160,1130,1170,1290,1380,1490,1720,2000,2170,2370,2520,2860,3160,3330,3380,3450,3530,3710,3850,3430
Palau,High income,East Asia & Pacific,IBRD,null,null,null,null,null,null,null,null,null,null,null,null,null,null,null,9200,8810,9420,10350,10830,11780,11800,11090,11400,12270,12760,12870,14150,15860,16680,16650,17810,16500,null
Papua New Guinea,Lower middle income,East Asia & Pacific,Blend,690,790,800,740,790,840,980,1030,950,930,850,720,630,570,510,480,470,540,650,790,1070,1400,1510,1740,1820,2270,2500,2990,2860,2710,2590,2600,2750,2660
Poland,High income,Europe & Central Asia,IBRD,null,null,null,null,null,2080,2480,2760,3240,3830,4230,4350,4430,4670,4710,4900,5500,6250,7340,8460,9940,11980,12500,12740,12890,13160,13390,13560,13310,12720,12730,14150,15350,15270
Puerto Rico,High income,Latin America & Caribbean,null,5350,5860,6050,5950,6300,6760,7100,7370,7820,8130,8510,8690,9590,10550,10950,11250,12170,14260,14750,15030,15860,16360,16580,16920,17670,18680,19170,19280,19420,19710,20000,21080,22060,21740
"Korea, Dem. Rep.",Low income,East Asia & Pacific,null,null,null,null,null,null,null,null,null,null,null,null,null,null,null,null,null,null,null,null,null,null,null,null,null,null,null,null,null,null,null,null,null,null,null
Portugal,High income,Europe & Central Asia,null,20,30,30,40,40,50,50,50,60,60,60,60,90,190,11850,11780,13290,16190,18600,19410,20860,22640,22990,23030,22770,21170,21380,21200,20460,19940,20060,22060,23170,22000
Paraguay,Upper middle income,Latin America & Caribbean,IBRD,null,null,null,null,null,null,null,null,1680,1840,1840,1730,1600,1440,1410,1330,1230,1350,1520,1840,2320,3080,3450,4070,4480,4750,5510,5810,5640,5400,5370,5600,5510,5140
West Bank and Gaza,Lower middle income,Middle East & North Africa,null,null,null,null,null,null,null,null,null,null,1470,1630,1780,1800,1550,1370,1190,1370,1640,1780,1710,1790,2040,2250,2510,2880,3210,3470,3560,3670,3900,3930,4190,4270,3710
French Polynesia,High income,East Asia & Pacific,null,13000,15360,14940,15270,16030,17260,17400,17470,17920,17780,17250,16660,16170,15770,null,null,null,null,null,null,null,null,null,null,null,null,null,null,null,null,null,null,null,null
Qatar,High income,Middle East & North Africa,null,null,null,null,null,null,null,null,null,null,null,null,null,null,null,null,28400,30680,36160,38260,50810,58030,65580,61250,63620,66950,72880,79390,80890,73440,64550,56920,58830,61180,56210
Romania,Upper middle income,Europe & Central Asia,IBRD,null,null,null,null,null,1250,1190,1270,1490,1640,1590,1580,1610,1710,1760,1950,2250,2960,3880,4900,6390,8800,9220,8640,8650,8760,9320,9700,9600,9620,10110,11430,12610,12570
Russian Federation,Upper middle income,Europe & Central Asia,IBRD,null,null,null,null,3440,3090,2920,2650,2640,2600,2650,2130,1750,1710,1780,2100,2590,3410,4450,5810,7560,9580,9230,9980,11060,13490,15190,14630,11780,9730,9210,10250,11250,10690
Rwanda,Low income,Sub-Saharan Africa,IDA,320,350,350,350,320,340,310,150,210,220,260,260,280,280,270,260,250,270,320,360,410,490,550,600,650,700,720,740,750,740,730,780,830,780
Saudi Arabia,High income,Middle East & North Africa,null,7700,7630,7080,7390,8310,8500,8050,7720,7810,8030,8230,8010,7650,8150,8520,8370,9480,11040,12650,14160,15800,18460,17900,18750,20880,24040,25440,25550,23710,21610,19990,21610,22840,21930
Sudan,Low income,Sub-Saharan Africa,IDA,790,780,720,530,450,340,310,320,400,400,380,340,330,340,350,380,430,500,600,700,910,1080,1150,1320,1360,1520,1400,1490,1540,1500,1310,1040,820,650
Senegal,Lower middle income,Sub-Saharan Africa,IDA,830,950,940,920,930,980,930,770,740,700,710,690,690,670,650,630,730,870,990,1030,1100,1250,1330,1330,1300,1320,1340,1370,1320,1270,1280,1390,1430,1430
Singapore,High income,East Asia & Pacific,null,8080,9320,10320,11450,12970,15270,17710,20780,23630,25620,27730,24010,23360,23680,22130,22000,23440,26150,28820,32550,36010,37230,37320,44930,48290,51740,54480,56380,53160,53060,54460,56900,58390,54920
Solomon Islands,Lower middle income,East Asia & Pacific,IDA,590,600,590,630,660,800,860,1000,1200,1320,1310,1230,1160,980,920,830,860,900,980,1040,1120,1230,1310,1470,1620,1820,2160,2200,2130,2150,2220,2360,2370,2300
Sierra Leone,Low income,Sub-Saharan Africa,IDA,180,170,210,190,170,130,160,160,180,210,200,170,150,140,150,200,270,280,290,300,360,420,440,420,430,530,660,700,550,490,520,490,540,490
El Salvador,Lower middle income,Latin America & Caribbean,IBRD,820,860,860,900,930,1060,1170,1290,1480,1590,1690,1750,1810,1900,1950,2000,2130,2270,2420,2570,2680,2870,2820,2880,3060,3210,3350,3400,3440,3510,3600,3820,3990,3650
San Marino,High income,Europe & Central Asia,null,null,null,null,null,null,null,null,null,null,null,null,null,null,null,null,null,null,null,null,null,null,null,null,null,null,null,null,null,null,null,null,null,null,null
Somalia,Low income,Sub-Saharan Africa,IDA,150,150,150,130,null,null,null,null,null,null,null,null,null,null,null,null,null,null,null,null,null,null,null,null,null,null,null,null,290,290,290,310,320,310
Serbia,Upper middle income,Europe & Central Asia,IBRD,null,null,null,null,null,null,null,null,null,null,2990,2990,2610,1610,1540,1520,2390,3250,3830,4200,4830,6030,6450,6220,6190,6080,6460,6240,5960,5700,5570,6410,7030,7400
South Sudan,Low income,Sub-Saharan Africa,IDA,null,null,null,null,null,null,null,null,null,null,null,null,null,null,null,null,null,null,null,null,null,null,null,null,810,850,1160,1250,1090,null,null,null,null,null
Sao Tome and Principe,Lower middle income,Sub-Saharan Africa,IDA,null,null,null,null,null,null,null,null,null,null,null,null,null,null,null,null,600,700,820,940,960,1020,1060,1130,1180,1230,1430,1630,1650,1690,1700,1870,1950,2070
Suriname,Upper middle income,Latin America & Caribbean,IBRD,2520,2980,2230,1420,1140,1040,970,1100,1320,1630,1840,2050,1950,1970,1670,1930,2200,2820,3320,4040,5050,6330,6960,7620,7920,8550,8950,9260,8890,6930,5930,5960,6340,5510
Slovak Republic,High income,Europe & Central Asia,null,null,null,null,null,null,null,null,null,null,null,null,null,null,null,null,null,null,null,null,null,null,null,null,null,17480,17810,18260,18320,17680,16800,16620,18330,19220,18700
Slovenia,High income,Europe & Central Asia,null,null,null,null,null,null,null,null,null,null,null,null,null,null,null,null,null,null,null,null,null,null,null,24450,24620,24630,23260,23240,23620,22270,21790,22140,24610,25940,null
Sweden,High income,Europe & Central Asia,null,19360,24190,26090,27760,29110,31340,28200,27690,28070,30400,31390,31110,31300,31610,29720,29090,32750,39790,45770,49150,52310,55720,52640,54630,56700,59090,61800,61870,58420,54360,53030,55640,56090,53800
Eswatini,Lower middle income,Sub-Saharan Africa,IBRD,null,null,null,1290,1350,1570,1580,1570,1820,1930,1960,1740,1730,1670,1700,1570,1700,2160,3080,3300,3480,3360,3320,3460,3860,4310,4420,4130,3800,3450,3390,3620,3670,3580
Sint Maarten (Dutch part),High income,Latin America & Caribbean,null,null,null,null,null,null,null,null,null,null,null,null,null,null,null,null,null,null,null,null,null,null,null,null,null,null,null,27540,28670,29560,30890,28210,27680,null,null
Seychelles,High income,Sub-Saharan Africa,IBRD,3200,3970,4540,5030,5200,6000,6390,6530,6460,6740,7330,7320,7290,7290,7310,6850,7490,9280,11140,12580,12280,11180,10230,10220,10570,11540,12700,13350,14020,13840,14350,15440,15930,12720
Syrian Arab Republic,Low income,Middle East & North Africa,IDA,1270,1190,890,910,990,1110,1070,970,900,850,850,920,890,970,1110,1210,1240,1380,1510,1620,1820,null,null,null,null,null,null,null,null,null,null,null,null,null
Turks and Caicos Islands,High income,Latin America & Caribbean,null,null,null,null,null,null,null,null,null,null,null,null,null,null,null,null,null,null,null,null,null,null,null,null,null,null,null,null,23280,25530,27300,26200,28340,30700,null
Chad,Low income,Sub-Saharan Africa,IDA,210,270,270,270,290,330,240,220,210,200,210,220,200,180,190,200,210,340,470,530,630,700,830,910,890,960,970,980,880,730,640,680,700,660
Togo,Low income,Sub-Saharan Africa,IDA,310,390,400,400,400,420,330,310,300,310,350,330,310,310,290,300,350,390,400,410,420,470,530,560,610,590,620,640,640,670,720,880,920,920
Thailand,Upper middle income,East Asia & Pacific,IBRD,950,1160,1320,1490,1660,1880,2130,2400,2740,2950,2680,2080,1980,1980,1960,1990,2180,2530,2790,3100,3530,3970,4140,4580,4950,5520,5720,5760,5710,5700,5970,6610,7260,7050
Tajikistan,Lower middle income,Europe & Central Asia,IDA,null,null,null,null,null,280,240,220,210,170,170,180,180,170,160,170,210,270,380,470,580,750,800,920,1020,1150,1330,1350,1260,1110,1030,1030,1070,1060
Turkmenistan,Upper middle income,Europe & Central Asia,IBRD,null,null,null,null,null,null,840,530,620,610,550,560,620,600,650,750,990,1310,1590,1890,2320,3040,3550,4070,4730,5560,6510,7200,7030,6830,6380,6740,7220,null
Timor-Leste,Lower middle income,East Asia & Pacific,Blend,null,null,null,null,null,null,null,null,null,null,null,null,null,null,null,750,670,780,930,1310,1840,2970,2330,2850,3710,3630,3200,2690,2200,1750,1780,1800,2020,1830
Tonga,Upper middle income,East Asia & Pacific,IDA,870,1070,1160,1220,1350,1450,1530,1820,2090,2370,2340,2240,2170,2080,2030,2000,2000,2160,2410,2720,2900,3270,3180,3370,3810,4320,4540,4600,4440,4410,4590,4800,5000,null
Trinidad and Tobago,High income,Latin America & Caribbean,IBRD,4280,3930,3630,3710,3890,4420,4080,3880,3970,4230,4500,4620,4890,5400,6070,6760,8070,9700,11190,13280,15000,17350,16200,16460,14970,16840,18750,18560,18910,16880,15980,15990,16580,15410
Tunisia,Lower middle income,Middle East & North Africa,IBRD,1270,1330,1290,1410,1460,1680,1660,1710,1790,1970,2120,2150,2260,2270,2240,2180,2450,2900,3160,3330,3540,3860,4070,4130,3990,4100,4160,4160,3960,3760,3520,3500,3340,3100
Turkey,Upper middle income,Europe & Central Asia,IBRD,1740,1860,1920,2310,2590,2940,3140,2680,2850,2920,3190,3440,3590,4320,3580,3590,3950,5270,6820,7880,8950,9850,9640,10490,11310,11960,12600,12630,12030,11260,10970,10510,9690,9050
Tuvalu,Upper middle income,East Asia & Pacific,IDA,null,null,null,null,null,null,null,null,null,null,null,null,null,null,2710,3310,2490,3240,3630,3780,4500,4660,4830,4400,4730,4430,5560,4670,5440,5060,4810,5440,5620,5820
Tanzania,Lower middle income,Sub-Saharan Africa,IDA,null,null,null,200,190,180,170,160,170,190,220,270,330,410,410,420,430,470,500,520,540,600,670,720,770,810,890,970,980,970,970,1030,1100,1080
Uganda,Low income,Sub-Saharan Africa,IDA,310,400,400,320,250,190,180,180,230,280,300,290,290,270,250,250,260,280,310,350,390,430,550,680,850,830,800,820,830,790,740,750,780,800
Ukraine,Lower middle income,Europe & Central Asia,IBRD,null,null,1620,1610,2280,2090,1820,990,920,860,890,850,760,700,730,790,980,1270,1540,1950,2590,3210,2840,2980,3110,3500,3800,3560,2650,2310,2380,2800,3370,3540
Uruguay,High income,Latin America & Caribbean,IBRD,2210,2600,2730,2840,3180,3830,4350,5040,5530,6160,6970,7240,7260,7060,6500,5140,4250,4130,4720,5390,6390,7710,8810,10440,12060,13330,15330,15790,15620,15440,15920,17270,17740,15830
United States,High income,North America,null,21390,23490,23770,24060,24270,25680,26390,27650,29040,30270,31270,32030,33670,35960,36710,37320,39770,43510,46190,47870,48500,48980,47740,48990,50580,52760,53930,55840,56740,57270,59460,63510,65910,null
Uzbekistan,Lower middle income,Europe & Central Asia,Blend,null,null,null,null,null,600,590,570,580,600,610,620,650,630,560,450,420,460,530,610,770,980,1150,1390,1670,2040,2300,2470,2600,2650,2350,2020,1800,1670
St. Vincent and the Grenadines,Upper middle income,Latin America & Caribbean,Blend,1660,1950,2030,2150,2200,2480,2710,2660,2890,3000,3070,3190,3310,3470,3650,3950,4380,4730,4960,5470,5910,6260,6320,6090,6130,6400,6550,6390,6560,6800,6990,7400,7460,7340
"Venezuela, RB",,Latin America & Caribbean,IBRD,3350,3400,2560,2670,2690,2870,2850,2740,3040,3100,3470,3420,3570,4120,4600,3990,3490,4110,4980,6130,7630,9400,10380,11810,11980,12710,11970,13080,null,null,null,null,null,null
British Virgin Islands,High income,Latin America & Caribbean,null,null,null,null,null,null,null,null,null,null,null,null,null,null,null,null,null,null,null,null,null,null,null,null,null,null,null,null,null,null,null,null,null,null,null
Virgin Islands (U.S.),High income,Latin America & Caribbean,null,null,null,null,null,null,null,null,null,null,null,null,null,null,null,null,null,null,null,null,null,null,null,null,null,null,null,null,null,null,null,null,null,null,null
Vietnam,Lower middle income,East Asia & Pacific,IBRD,null,null,210,130,110,130,160,190,250,300,330,340,360,410,430,450,500,580,630,720,840,980,1010,1250,1370,1540,1720,1880,1970,2080,2130,2380,2590,2660
Vanuatu,Lower middle income,East Asia & Pacific,IDA,890,990,1110,1240,1120,1150,1150,1210,1240,1330,1390,1450,1430,1430,1370,1230,1360,1590,1780,1990,2100,2460,2530,2600,2800,2830,3000,2970,2780,2750,2860,3110,3360,2780
Samoa,Lower middle income,East Asia & Pacific,IDA,530,550,580,570,540,null,null,null,null,null,null,null,null,null,null,1520,1660,1990,2320,2560,2850,3060,3030,3240,3520,3660,3800,3820,3960,4110,4070,4030,4200,4070
Kosovo,Upper middle income,Europe & Central Asia,IDA,null,null,null,null,null,null,null,null,null,null,null,null,null,null,null,null,null,1940,2270,2470,2690,3070,3290,3420,3640,3780,3960,4020,4010,3970,3960,4340,4690,4440
"Yemen, Rep.",Low income,Middle East & North Africa,IDA,null,null,null,null,null,510,460,380,320,300,330,370,380,430,480,520,550,610,700,810,890,1010,1100,1200,1080,1260,1440,1460,1200,1150,1070,940,null,null
South Africa,Upper middle income,Sub-Saharan Africa,IBRD,2210,2670,2830,2860,3000,3250,3380,3510,3640,3660,3600,3230,3130,3070,2860,2670,2920,3720,4990,5630,5910,5980,5850,6190,6990,7570,7350,6760,6050,5470,5410,5750,6040,5410
Zambia,Lower middle income,Sub-Saharan Africa,IDA,260,330,400,430,390,360,380,350,380,400,400,360,350,330,350,360,410,460,560,720,900,1180,1280,1340,1420,1690,1760,1800,1580,1370,1300,1440,1430,1190
Zimbabwe,Lower middle income,Sub-Saharan Africa,Blend,700,810,840,860,850,700,640,630,620,690,700,620,570,510,540,490,440,450,460,440,420,330,420,630,920,1110,1210,1260,1280,1290,1390,1410,1200,1090